design_id,Sequence B,MPNN score,MPNN seq recovery,AF2 pLDDT,AF2 pTM score,AF2 Interface pTM score,AF2 pAE,AF2 Interface PAE,AF2 Interface pLDDT,AF2 Secondary Structure pLDDT,Unrelaxed Clashes,Relaxed Clashes,PyRosetta Binder Energy Score,Surface Hydrophobicity,Shape Complementarity,PackStat,PyRosetta Interface dG,Delta SASA,PyRosetta dG/dSASA,Interface SASA %,Interface Hydrophobicity,Num Interface Residues,Num Interface Hbonds,Interface Hbonds %,N Interface Unsat Hbonds,Interface Unsat Hbonds %,Interface Helix %,Interface Beta Sheet %,Interface Loop %,Binder Helix %,Binder BetaSheet %,Binder Loop %,AF2 Target-aligned Binder RMSD,AF2 Target RMSD,AF2 Binder pLDDT,AF2 Binder pTM score,AF2 Binder pAE,AF2 Binder-aligned Binder RMSD,Binder Interface Residues
ovo_rsj_rejected01_bindcraft,NWWEMSGYEYAKEMVKNLSEFGYDLVEEMKKRGYTPEAIKKMEEAVDNFYNESTELLNKYPFDGSEEEQKKFEEENIDIINDRAYELIQTMHEMSYAPKL,1.02,0.34,89.0,0.91,0.88,5.2700000000000005,5.2700000000000005,91.0,91.0,6.5,0.0,-248.09,0.26,0.64,0.61,-63.27,2548.51,-2.48,45.03,54.91,30.0,9.0,29.91,6.0,19.64,86.33,0.0,13.66,80.0,0.0,20.0,1.89,0.22,90.0,0.81,4.65,2.12,"B2,B10,B13,B14,B17,B18,B20,B21,B24,B25,B28,B29,B32,B42,B77,B78,B81,B82,B84,B85,B88,B89,B91,B92,B94,B95,B96,B99"
ovo_rsj_rejected02_bindcraft,DWWKMSGYEYAKEMVENLSEFGYDLVREMRERGYTKEAIERMEKAVKEFYEEMTELLSKFPKKGSKEEQKKWEEENIDIINDKAYELIQVMHEMSYAPRE,1.02,0.37,93.0,0.91,0.88,4.340000000000001,4.65,92.0,94.0,14.5,0.0,-255.22,0.2,0.65,0.65,-71.5,2695.51,-2.65,45.45,57.6,29.5,10.5,35.42,11.0,37.21,86.33,0.0,13.66,80.0,0.0,20.0,1.36,0.24,93.0,0.82,3.72,1.55,"B2,B3,B7,B10,B11,B13,B14,B17,B18,B20,B21,B24,B25,B28,B29,B32,B34,B42,B74,B77,B78,B81,B82,B84,B85,B88,B91,B92,B94,B95,B96"
ovo_rsj_rejected03_bindcraft,SRLDEELAEMNAEWDKLSSKMTFVPWTDMDPYEAESDALWDAFMAAWNKWEDYRMDPSAPYVPVEEVMKPFREFMDFMAKH,1.13,0.38,91.0,0.91,0.88,4.340000000000001,4.65,86.0,94.0,6.5,0.0,-188.96,0.41,0.61,0.6,-71.37,2693.22,-2.65,61.54,60.3,31.5,11.0,34.55,7.5,24.24,71.52,0.0,28.48,74.07,0.0,25.93,1.28,0.22,86.0,0.72,5.2700000000000005,2.05,"B7,B10,B11,B14,B15,B18,B21,B22,B23,B24,B25,B26,B30,B33,B36,B37,B40,B41,B43,B44,B47,B48,B51,B52,B55,B68,B71,B74,B75,B78"
ovo_rsj_rejected04_bindcraft,SAMDEELAKMNAEWDKLSSKMTFKPWDDMDPYEAESDALWDKFMAAWNKFEDYRMDPSAPYVPVEEVMEPFREFMNFMAKH,1.12,0.38,90.0,0.92,0.88,4.340000000000001,4.65,86.0,94.0,4.0,0.0,-180.95,0.42,0.63,0.64,-66.98,2590.88,-2.58,58.85,54.55,33.0,12.0,36.36,11.5,34.84,73.41,0.0,26.59,74.69,0.0,25.31,1.31,0.22,85.0,0.69,5.2700000000000005,2.3,"B7,B10,B11,B14,B18,B19,B21,B22,B23,B24,B25,B26,B27,B29,B30,B33,B36,B37,B40,B41,B43,B44,B47,B48,B51,B52,B54,B55,B68,B71,B74,B75,B78"
ovo_rsj_rejected05_bindcraft,SMIDEELAQMNKEWDKLSSKMTFVPWEDMDKYEEESDKLWDRFMEAWNKWEDYRMDPSKPYVPVEEVMEPFREFMEFMAKH,1.11,0.36,90.0,0.91,0.87,4.65,4.65,88.0,91.0,7.0,0.0,-191.43,0.34,0.66,0.64,-70.72,2716.59,-2.6,58.97,58.1,31.0,13.0,42.11,8.5,27.22,82.14,0.0,17.86,79.01,0.0,20.99,1.62,0.23,85.0,0.69,5.2700000000000005,1.73,"B7,B10,B11,B14,B18,B19,B21,B22,B23,B24,B26,B29,B30,B33,B36,B37,B40,B41,B43,B44,B47,B51,B52,B54,B55,B71,B74,B75,B78"
ovo_rsj_rejected06_bindcraft,SKLDEELAEMNKKWDELSSKMTFVPWEDMDPYEAESDKLWDAFMEAWNKWEDQRMDPSKPYVPVEEVMEPFTKFMEFMAKH,1.1,0.36,90.0,0.91,0.87,4.65,4.65,88.0,93.0,21.0,0.0,-195.13,0.35,0.68,0.6,-68.98,2678.65,-2.57,60.26,57.81,32.0,10.0,31.25,9.5,29.69,77.5,0.0,22.5,75.92,0.0,24.07,1.52,0.22,87.0,0.71,4.96,2.27,"B7,B10,B11,B14,B15,B18,B19,B21,B22,B23,B24,B25,B26,B29,B30,B33,B36,B37,B40,B41,B43,B44,B47,B48,B51,B52,B55,B68,B71,B74,B75,B78"
ovo_rsj_rejected07_bindcraft,SELDKELAQMNKKWDELSSKMTFVPWDNMDPYEEESDKLWDKFMAAWNKFEDHRMDPSAPYVPVEEVMTPFTEFMNFMAKH,1.13,0.36,90.0,0.92,0.87,4.340000000000001,4.65,88.0,93.0,5.0,0.0,-181.92,0.35,0.62,0.65,-69.41,2744.67,-2.53,61.23,55.84,34.0,10.5,30.87,14.0,41.21,75.0,0.0,25.0,74.69,0.0,25.31,1.31,0.22,86.0,0.71,4.96,2.33,"B7,B10,B11,B14,B15,B18,B19,B21,B22,B23,B24,B25,B26,B27,B29,B30,B33,B36,B37,B40,B41,B43,B44,B47,B51,B52,B54,B55,B68,B71,B74,B75,B78,B79,B81"
ovo_rsj_rejected08_bindcraft,SHMDEELAEMNKRWDELSSKMTFVPWEDMDPYEEESDKLWDKFMEKWNAWEDQRMDPSKPYVAVEEVMKPFEEFMNFMAKH,1.06,0.36,90.0,0.91,0.87,4.65,4.65,89.0,93.0,20.5,0.0,-188.95,0.36,0.68,0.6,-66.6,2630.05,-2.54,56.85,61.36,31.0,9.5,30.53,9.5,30.31,79.41,0.0,20.59,76.55,0.0,23.45,1.56,0.22,86.0,0.7,5.2700000000000005,2.21,"B7,B10,B11,B14,B18,B19,B21,B22,B23,B24,B25,B26,B27,B29,B30,B33,B36,B37,B40,B41,B43,B44,B47,B48,B51,B52,B55,B68,B71,B74,B75,B78"
ovo_rsj_rejected09_bindcraft,SPLDKELAEMNKFWDELSSKMTFKPWTDMDKYEKESDELWDKFMEAWNKWEDQRMDPSKPYVPVEEVMEPFKEFMEFMAKH,1.09,0.4,91.0,0.91,0.87,4.340000000000001,4.65,90.0,92.0,4.5,0.0,-196.0,0.32,0.72,0.61,-75.77,2461.91,-3.08,50.64,58.44,32.5,12.5,38.61,5.5,16.89,87.04,0.0,12.96,77.78,0.0,22.22,1.9,0.22,83.0,0.67,6.2,2.06,"B7,B10,B11,B13,B14,B15,B18,B19,B21,B23,B24,B25,B26,B29,B30,B33,B36,B37,B40,B41,B43,B44,B47,B48,B51,B52,B55,B71,B74,B75,B78"
ovo_rsj_rejected10_bindcraft,SPLDKELAEMNKAWDELSSKMTFVPWDNMDPYEEESDKLWDEFMAAWNKWEDYRMDPSKPYVPVEEVMAPFRKFMEFMAKH,1.09,0.43,90.0,0.91,0.87,4.340000000000001,4.65,88.0,93.0,6.5,0.0,-196.49,0.38,0.65,0.66,-65.41,2590.44,-2.52,56.34,60.34,31.5,7.5,23.79,14.0,44.7,73.33,0.0,26.67,74.07,0.0,25.93,1.27,0.22,86.0,0.7,5.2700000000000005,2.4,"B7,B10,B11,B14,B18,B19,B21,B22,B23,B24,B25,B26,B27,B29,B30,B33,B36,B37,B40,B41,B43,B44,B47,B51,B52,B55,B68,B71,B74,B75,B78"
ovo_rsj_rejected11_bindcraft,SAVDEELAKMNKEWDELSSKMTFVPWENMDPYEAESDKLWDEFMEKWNKWEDYRMDPSKPYVPVEEVMEPFRKFMEFMAKH,1.08,0.38,90.0,0.91,0.87,4.65,4.65,88.0,91.0,5.0,0.0,-191.44,0.36,0.65,0.56,-60.67,2651.66,-2.29,58.73,62.96,29.5,9.0,30.24,8.5,28.63,80.66,0.0,19.34,78.4,0.0,21.6,1.68,0.22,86.0,0.7,5.2700000000000005,2.37,"B7,B10,B11,B14,B18,B21,B22,B23,B24,B25,B26,B29,B30,B33,B36,B37,B40,B41,B43,B44,B47,B51,B55,B68,B71,B74,B75,B78"
ovo_rsj_rejected12_bindcraft,SALDEELAKMNAEWDELSSKMTFVPWEDMDPYEEESDKLWDRFMAAWNKWEDHRMDPSKPYVAPEEVMEPFREFMEFMAKH,1.13,0.32,91.0,0.92,0.87,4.340000000000001,4.65,89.0,92.0,16.5,0.0,-186.6,0.38,0.61,0.6,-66.51,2614.01,-2.54,58.38,60.64,30.5,9.0,29.4,8.0,26.18,81.38,0.0,18.62,79.01,0.0,20.99,1.66,0.23,89.0,0.72,4.65,2.2,"B7,B10,B11,B14,B15,B18,B21,B22,B23,B24,B25,B26,B29,B30,B33,B36,B37,B40,B41,B43,B44,B47,B48,B51,B52,B55,B68,B71,B74,B75,B78"
ovo_rsj_rejected13_bindcraft,SRLDEELAEMNKAWDELSSKMTFVPWKDMDKYEEESDKLWDKFMEAWNKWEDQRMDPSKPYVAPEEVMAPFREFMEFMAKH,1.12,0.32,90.0,0.91,0.87,4.65,4.65,88.0,92.0,7.0,0.0,-183.3,0.32,0.66,0.6,-71.63,2756.59,-2.6,58.3,60.94,32.0,10.5,32.81,9.5,29.69,81.07,0.0,18.93,75.93,0.0,24.08,1.42,0.22,82.0,0.66,6.51,1.89,"B7,B10,B11,B14,B18,B21,B22,B23,B24,B25,B26,B29,B30,B32,B33,B36,B37,B40,B41,B43,B44,B47,B48,B51,B52,B54,B55,B68,B71,B74,B75,B78"
ovo_rsj_rejected14_bindcraft,SAMDKELAEMNAEWDKLSSKMTFVPWDDMDPYEAESDKLWDEFMEKWNKFEDHRMDPSAPYVPVEEVMEPFRKFMEFMAKH,1.09,0.36,89.0,0.91,0.86,4.65,4.65,87.0,92.0,7.0,0.0,-185.95,0.39,0.62,0.62,-68.45,2688.13,-2.54,61.05,57.12,31.5,9.0,28.18,9.0,28.78,76.87,0.0,23.13,75.92,0.0,24.07,1.5,0.22,85.0,0.69,5.2700000000000005,2.4,"B7,B10,B11,B13,B14,B18,B21,B22,B23,B24,B26,B27,B29,B30,B33,B36,B37,B40,B41,B43,B44,B47,B48,B51,B52,B55,B71,B74,B75,B78"
ovo_rsj_rejected15_bindcraft,SELDKELAEMNKRWDELSSKMTFVPWTDMDPYEAESDKLWDEFMKKWNAWEDHRMDPSAPYVPVEEVMKPFEKFMNFMAKH,1.09,0.4,90.0,0.91,0.86,4.65,4.65,88.0,93.0,7.5,0.0,-185.0,0.36,0.66,0.61,-61.03,2577.83,-2.37,54.23,58.34,30.0,7.5,25.09,8.5,28.31,78.97,0.0,21.03,74.69,0.0,25.31,1.39,0.22,87.0,0.71,4.96,2.26,"B7,B10,B11,B14,B15,B18,B21,B22,B23,B24,B26,B27,B29,B30,B33,B36,B37,B40,B41,B43,B44,B47,B48,B51,B52,B55,B68,B71,B74,B75,B78"
ovo_rsj_rejected16_bindcraft,SADDEDLAKMNAEWDKLSSKMTFVPWDNMDPYEEESDKLWDRFMAAWNRWEDHRMDPSAPYVPVEEVMKPFREFMEFMAKH,1.11,0.34,90.0,0.91,0.86,4.65,4.65,88.0,93.0,6.0,0.0,-193.87,0.39,0.67,0.62,-71.17,2706.4,-2.62,61.25,57.82,32.0,10.0,31.09,10.0,31.09,76.32,0.0,23.68,74.07,0.0,25.93,1.21,0.22,86.0,0.71,5.2700000000000005,2.21,"B7,B10,B11,B14,B18,B19,B21,B22,B23,B24,B26,B29,B30,B33,B36,B37,B40,B41,B43,B44,B47,B48,B51,B52,B54,B55,B68,B71,B74,B75,B78"
ovo_rsj_rejected17_bindcraft,SPLDEELAEMNKRWDELSSKMTFVPWDDMDKYEEESDKLWDEFMKKWNEWEDYRMDPSKPYVPVEEVMEPFEKFMNFMAKH,1.08,0.4,90.0,0.91,0.86,4.65,4.65,89.0,92.0,6.0,0.0,-203.86,0.33,0.62,0.6,-65.02,2467.23,-2.63,52.78,58.72,31.5,8.5,27.02,8.5,26.96,82.12,0.0,17.88,76.54,0.0,23.46,1.33,0.22,85.0,0.7,5.2700000000000005,1.92,"B7,B10,B11,B13,B14,B15,B18,B21,B22,B23,B24,B25,B26,B29,B30,B33,B36,B37,B40,B41,B43,B44,B47,B48,B51,B52,B55,B68,B71,B74,B75,B78"
ovo_rsj_rejected18_bindcraft,SAMDEELAKMNAEWDRLSSKMTFVPWDGMDPLEEESDKLWDKFMAAWNKWEDQRMDPSAPYVPVEEVMKPFREFMEFMAKH,1.1,0.38,89.0,0.91,0.86,4.96,4.96,86.0,92.0,6.0,0.0,-203.94,0.4,0.67,0.62,-72.45,2663.69,-2.72,58.7,55.26,33.5,10.0,29.81,10.5,31.37,72.58,0.0,27.42,74.07,0.0,25.93,1.64,0.22,83.0,0.68,6.2,2.54,"B7,B10,B11,B14,B18,B21,B22,B23,B24,B25,B26,B27,B28,B30,B32,B33,B36,B37,B40,B41,B43,B44,B47,B48,B51,B52,B54,B55,B68,B71,B74,B75,B78"
ovo_rsj_rejected19_bindcraft,SPVDEELARMNEEWDKLSSKMTFNPWTDMDPYEAESDRLWDAFMAAWNKWEDYRMDPSKPYVPVEEVMAPFREFMEFMAKH,1.13,0.38,90.0,0.91,0.86,4.65,4.65,88.0,93.0,7.0,0.0,-191.48,0.41,0.68,0.64,-66.58,2596.01,-2.58,58.86,54.86,31.0,10.0,32.39,6.0,18.8,79.0,0.0,21.0,74.69,0.0,25.31,1.71,0.22,82.0,0.67,6.51,4.23,"B7,B10,B11,B14,B15,B18,B19,B21,B23,B29,B30,B33,B36,B37,B40,B41,B43,B44,B47,B48,B51,B52,B54,B55,B68,B71,B74,B75,B78"
ovo_rsj_rejected20_bindcraft,SRLDEELAEMNKEWDKLSSKMTFVPWDNMDPYEEESDKLWDAFMAKWNAWEDQRMDPSAPYVPVEEVMAPFKEFMDFMAKH,1.12,0.38,89.0,0.91,0.86,4.65,4.65,87.0,93.0,20.0,0.0,-189.88,0.39,0.66,0.62,-69.03,2702.33,-2.56,59.13,55.22,33.5,12.0,35.83,8.0,23.88,75.95,0.0,24.05,74.07,0.0,25.93,1.33,0.22,83.0,0.68,6.2,2.5,"B7,B10,B11,B14,B15,B18,B19,B21,B22,B23,B24,B26,B27,B29,B30,B33,B36,B37,B40,B41,B43,B44,B47,B48,B51,B52,B54,B55,B68,B71,B74,B75,B78"
ovo_rsj_rejected21_bindcraft,SMMDEELAKMNAEWDKLSSKMTFVPWDDMDPYEAESDELWDAFMAAWNKWEDHRMDPSAPYVPVEEVMAPFRKFMEFMAKH,1.11,0.38,90.0,0.91,0.86,4.65,4.65,88.0,92.0,11.0,0.0,-185.17,0.43,0.66,0.62,-70.03,2632.82,-2.66,60.27,60.06,30.0,10.5,35.2,11.0,36.59,76.22,0.0,23.77,75.92,0.0,24.07,1.39,0.22,85.0,0.71,5.2700000000000005,2.23,"B7,B10,B11,B14,B18,B21,B22,B23,B24,B26,B29,B30,B33,B36,B37,B40,B41,B43,B44,B47,B48,B51,B52,B55,B68,B71,B74,B75,B78"
ovo_rsj_rejected22_bindcraft,PPKPPEISERFKEVLEEAKKNMPQAAVDHVLKMVAPVPGLSQEENEVHTKYLTEFMTYMVEDYLKRKKEKLE,1.09,0.45,87.0,0.9,0.85,5.2700000000000005,5.58,91.0,91.0,2.5,0.0,-182.24,0.36,0.7,0.65,-55.75,1951.13,-2.86,42.95,68.71,24.0,3.5,14.86,2.5,10.67,85.0,0.0,15.0,75.0,0.0,25.0,1.06,0.22,86.0,0.69,4.96,1.22,"B22,B25,B26,B29,B30,B32,B33,B35,B37,B38,B39,B40,B44,B47,B48,B51,B52,B55,B56,B58,B59,B60,B62,B63,B66,B70"
ovo_rsj_rejected23_bindcraft,PRKPPERSEEFLEVMERAKKEMPQAAVDHVLAMVAPVPGLSDEENEVHAKYLEEFMTYMVKDYLKRKAEKLK,1.11,0.43,89.0,0.9,0.85,4.65,4.96,92.0,93.0,2.0,0.0,-183.82,0.42,0.75,0.59,-59.75,1937.31,-3.08,40.86,74.95,24.0,5.0,20.7,3.5,14.7,84.21,0.0,15.79,73.61,0.0,26.39,1.29,0.22,92.0,0.74,3.41,1.5,"B22,B29,B30,B32,B33,B34,B35,B36,B37,B38,B40,B44,B47,B48,B51,B52,B55,B56,B58,B59,B60,B62,B63,B66,B70"
ovo_rsj_rejected24_bindcraft,MPKPPELSEEFLEVMERAREEMPQAAVDHVLEMVAPVPGLSQEENEVHTKYLTEFMTYMVRDYLARRRERLA,1.12,0.41,88.0,0.9,0.85,4.96,5.2700000000000005,92.0,92.0,1.5,0.0,-169.18,0.42,0.73,0.61,-58.3,1940.72,-3.0,42.4,69.57,23.0,6.0,26.09,4.0,17.39,85.0,0.0,15.0,75.0,0.0,25.0,1.05,0.22,83.0,0.61,6.51,3.55,"B22,B29,B30,B32,B33,B34,B35,B37,B40,B44,B47,B48,B51,B52,B55,B56,B58,B59,B60,B62,B63,B66,B70"
ovo_rsj_rejected25_bindcraft,MMKLPEASERFLKVMEEAKKKMPQAAVDHVLRMVAPVPGLSEEENKVHHKYLEEFMTYMVEDYLKRKEEKEK,1.14,0.47,89.0,0.9,0.85,4.96,5.2700000000000005,93.0,93.0,2.0,0.0,-169.37,0.34,0.73,0.68,-58.9,1929.51,-3.06,39.22,71.41,24.5,6.0,24.59,2.0,8.16,84.21,0.0,15.79,75.0,0.0,25.0,2.05,0.21,90.0,0.74,4.340000000000001,1.73,"B22,B26,B29,B30,B32,B33,B34,B35,B37,B38,B40,B44,B47,B48,B51,B52,B55,B56,B58,B59,B60,B62,B63,B66,B70"
ovo_rsj_rejected26_bindcraft,PPKPPEASEEYKAVMEEARERMPQAAVDHVERMVAPVPGLSQEENEVHAKYLEEFMTYMVRDYLARQEERRA,1.1,0.39,89.0,0.9,0.85,4.65,4.96,92.0,92.0,1.0,0.0,-178.43,0.37,0.73,0.64,-58.62,2004.04,-2.92,45.81,70.03,25.0,7.0,27.72,5.0,20.03,80.47,0.0,19.52,75.0,0.0,25.0,1.56,0.22,90.0,0.73,3.72,1.5,"B22,B29,B30,B32,B33,B34,B35,B36,B37,B38,B40,B44,B48,B51,B52,B55,B56,B58,B59,B60,B62,B63,B66,B70"
ovo_rsj_rejected27_bindcraft,PPKPPESSEEFKKVMEEAEKNMPKAAVEHVKRMVAPVPGLSQEENEVHAKYLEEFMTYMVKDYLKRKKEKEE,1.03,0.43,90.0,0.9,0.85,4.65,5.2700000000000005,92.0,93.0,1.5,0.0,-190.76,0.33,0.68,0.62,-58.81,1981.22,-2.96,42.99,67.43,23.0,7.0,30.5,2.5,10.61,82.1,0.0,17.89,75.0,0.0,25.0,1.54,0.22,89.0,0.7,4.340000000000001,1.53,"B22,B29,B30,B32,B33,B34,B35,B37,B40,B44,B48,B51,B52,B55,B56,B58,B59,B60,B62,B63,B66,B70"
ovo_rsj_rejected28_bindcraft,APKPPERSEEFLKTMERAEKEMPPAAVEHVKKMVAPVPGLSEEENKVHAKYLEEFMTYMVNDYLERQREKLE,1.08,0.41,89.0,0.9,0.85,4.65,5.2700000000000005,92.0,92.0,2.5,0.0,-183.83,0.39,0.73,0.58,-60.98,1940.86,-3.14,42.03,68.0,25.0,7.0,28.0,2.5,10.0,81.39,0.0,18.61,74.31,0.0,25.7,1.43,0.22,88.0,0.69,4.340000000000001,1.39,"B22,B29,B30,B32,B33,B34,B35,B36,B37,B38,B40,B44,B48,B51,B52,B55,B56,B58,B59,B60,B62,B63,B66,B67,B70"
ovo_rsj_rejected29_bindcraft,PPAPPKASERFLKVLEEAKKNMPPAAVEHVLQMVAPVPGLSQEENEVHHKYLEEFMTYMVEDYLARKKKKLE,1.15,0.49,89.0,0.9,0.85,4.96,5.2700000000000005,92.0,92.0,2.5,0.0,-187.94,0.45,0.71,0.65,-55.55,1851.91,-3.0,40.19,69.05,22.5,4.0,18.45,3.0,13.1,83.77,0.0,16.23,75.0,0.0,25.0,1.36,0.22,85.0,0.67,5.2700000000000005,1.71,"B22,B29,B30,B33,B35,B37,B40,B44,B47,B48,B51,B52,B55,B56,B58,B59,B60,B62,B63,B66,B70"
ovo_rsj_rejected30_bindcraft,APAPPEASERFKKVLEEAKENMPKAAVEHVLAMVAPVPGLSDEENAVHAKYLEEFMTYMVEDYLARKKKKEE,1.12,0.43,88.0,0.9,0.84,4.96,5.2700000000000005,91.0,92.0,1.5,0.0,-170.07,0.42,0.72,0.63,-59.14,1907.72,-3.1,42.43,74.95,24.0,5.0,20.7,2.5,10.35,82.1,0.0,17.89,75.0,0.0,25.0,1.85,0.21,86.0,0.69,4.65,2.0,"B22,B26,B29,B30,B33,B34,B35,B37,B40,B44,B47,B48,B51,B52,B55,B56,B58,B59,B60,B62,B63,B66,B70"
ovo_rsj_rejected31_bindcraft,APALPEASERFKEVMARAEKEMPKAAVEHVKKMVAPVPGLSAEENEVHAKYLEEFMTYMVEDYLARQAERKA,1.1,0.45,88.0,0.9,0.84,4.96,5.2700000000000005,91.0,92.0,1.5,0.0,-159.94,0.44,0.73,0.66,-60.95,1938.38,-3.15,43.55,69.41,24.5,6.0,24.5,4.5,18.34,85.0,0.0,15.0,75.0,0.0,25.0,1.14,0.22,86.0,0.7,4.65,1.23,"B22,B26,B29,B30,B32,B33,B34,B35,B37,B40,B44,B47,B48,B51,B52,B55,B56,B58,B59,B60,B62,B63,B66,B67,B70"
ovo_rsj_rejected32_bindcraft,PLPLPAASEEYLEVMREAEERMPPAAVEHVKRMVAPVPGLSAEENEVHAKYLEEFMTYMVRDYLERQRERLA,1.12,0.41,86.0,0.89,0.84,5.2700000000000005,5.58,90.0,91.0,1.0,0.0,-171.7,0.45,0.73,0.62,-58.34,1962.66,-2.97,44.45,69.4,24.5,6.0,24.83,3.0,12.04,79.95,0.0,20.05,75.0,0.0,25.0,1.37,0.22,83.0,0.63,5.58,1.5,"B22,B29,B30,B32,B33,B34,B35,B36,B37,B40,B44,B48,B51,B52,B55,B56,B58,B59,B60,B62,B63,B66,B70"
ovo_rsj_rejected33_bindcraft,APAPPEASAEYLEIMERARKEMPEAAVAHVERMVAPVPGLSDEENAVHHKYLTEFMTYMVRDYLERKEKELE,1.14,0.41,86.0,0.9,0.84,5.2700000000000005,5.58,92.0,91.0,1.5,0.0,-162.29,0.46,0.76,0.66,-61.14,1777.88,-3.44,38.97,71.13,22.5,9.5,42.56,2.5,11.61,84.21,0.0,15.79,75.0,0.0,25.0,1.16,0.21,82.0,0.6,6.2,1.86,"B22,B29,B30,B32,B33,B34,B35,B36,B37,B38,B40,B44,B48,B51,B52,B55,B56,B58,B59,B60,B61,B62,B63,B66"
ovo_rsj_rejected34_bindcraft,PPAPPKASEEFLKVLERAKKEMEPAAVEHVLRMVAPVPGLSEEENEVHAKYLEEFMTYMVEDYLKRKREKEE,1.12,0.43,88.0,0.9,0.84,4.96,5.2700000000000005,91.0,92.0,2.0,0.0,-180.84,0.36,0.7,0.64,-59.88,1941.88,-3.09,42.31,70.6,25.5,7.5,29.4,3.5,13.66,80.91,0.0,19.09,75.0,0.0,25.0,2.4,0.22,85.0,0.67,4.96,2.0,"B22,B26,B29,B30,B32,B33,B34,B35,B37,B40,B44,B47,B48,B51,B52,B55,B56,B58,B59,B60,B62,B63,B66,B70"
ovo_rsj_rejected35_bindcraft,MPEPPERSEEYLKVMEEARKRMPAAAVAHVERMVAPVPGLSDEENRVHAKYLEEFMTYMVTDYLERQKKKEE,1.11,0.35,89.0,0.9,0.84,4.65,5.2700000000000005,92.0,92.0,1.0,0.0,-179.95,0.38,0.68,0.65,-56.88,1898.35,-3.0,40.84,68.18,22.0,6.0,27.27,2.5,11.37,82.1,0.0,17.89,73.61,0.0,26.39,1.35,0.21,88.0,0.7,4.340000000000001,1.38,"B22,B29,B30,B32,B33,B35,B37,B40,B44,B47,B48,B51,B52,B55,B56,B58,B59,B60,B62,B63,B66,B70"
ovo_rsj_rejected36_bindcraft,APAPPEASERYREIMEEARERMPPAAVEHVERMVAPVPGLSQEENEVHAKYLEEFMTYMVEDYLRRQREREE,1.11,0.43,88.0,0.9,0.84,4.96,5.2700000000000005,91.0,92.0,1.0,0.0,-169.87,0.35,0.74,0.62,-65.03,2109.66,-3.08,46.69,71.95,25.0,7.5,29.81,4.5,17.79,80.0,0.0,20.0,75.0,0.0,25.0,1.43,0.21,89.0,0.71,4.340000000000001,1.33,"B22,B29,B30,B32,B33,B34,B35,B37,B38,B40,B44,B47,B48,B51,B52,B55,B56,B58,B59,B60,B62,B63,B66,B70"
ovo_rsj_rejected37_bindcraft,SAEEVIEEAREAARKVMEGEEPQEHENPYVHMAAVFTMMYRDYTGGKMDIEEGVEHVMKIVEKFIREYM,0.81,0.63,94.0,0.9,0.84,3.72,4.65,93.0,95.0,4.0,0.0,-178.04,0.33,0.7,0.64,-48.86,1648.92,-2.96,43.29,74.77,18.0,2.5,14.09,4.0,22.29,100.0,0.0,0.0,75.36,0.0,24.64,1.24,0.22,94.0,0.82,2.48,0.91,"B22,B28,B29,B31,B32,B35,B36,B38,B39,B40,B42,B43,B56,B57,B60,B63,B64,B68,B69"
ovo_rsj_rejected38_bindcraft,MPEPPKRSEEFLEVMERAKKEMPPAAVEHVERMVAPVPGLSQEENEVHAKYLEEFMTYMVKDYLERKREKLE,1.07,0.43,88.0,0.9,0.84,4.96,5.2700000000000005,91.0,92.0,2.0,0.0,-183.95,0.38,0.7,0.59,-60.09,1928.78,-3.11,40.97,70.2,23.5,5.5,23.46,3.5,15.13,80.47,0.0,19.52,73.61,0.0,26.39,1.25,0.22,87.0,0.67,4.65,1.33,"B22,B26,B29,B30,B32,B33,B35,B37,B38,B40,B44,B48,B51,B52,B55,B56,B58,B59,B60,B62,B63,B66,B70"
ovo_rsj_rejected39_bindcraft,APAPPEASEEFKKVMERAEKEMPKAAVEHVKKMVAPVPGLSQEENEVHAKYLEEFMTYMVTDYLERQRKRLE,1.09,0.37,88.0,0.9,0.84,4.96,5.2700000000000005,91.0,92.0,2.0,0.0,-172.97,0.35,0.76,0.57,-60.91,1922.7,-3.17,41.59,68.34,23.5,5.5,23.61,4.0,18.05,82.97,0.0,17.02,75.0,0.0,25.0,1.28,0.22,84.0,0.64,5.2700000000000005,1.19,"B22,B26,B29,B30,B32,B33,B34,B35,B37,B38,B39,B40,B44,B47,B48,B51,B52,B55,B56,B58,B59,B60,B62,B63,B66,B67,B70"
ovo_rsj_rejected40_bindcraft,MREDPEFVEVMKELAEVLEKYADKMTSEPVKKSVRDENGNVDTSEVYSQFLYLMYSDNLSEAEKKAREEFIKVIKEKTGQVFE,0.79,0.56,89.0,0.9,0.84,4.65,5.2700000000000005,86.0,92.0,2.5,0.0,-234.07,0.26,0.61,0.6,-50.09,2016.19,-2.49,43.23,53.09,24.5,7.0,28.66,5.0,20.5,66.67,0.0,33.33,65.06,0.0,34.94,1.81,0.22,86.0,0.76,4.65,1.54,"B1,B2,B3,B4,B6,B7,B10,B11,B14,B29,B44,B47,B48,B50,B51,B52,B55,B56,B57,B67,B74,B78,B80,B82"
ovo_rsj_rejected41_bindcraft,PPEPPKRSERYLAVMEKARKEMPPAAVAHVEEMVAPVPGLSEEENAVHAKYLEEFMTYMVEDYLKRQAEKLA,1.1,0.43,89.0,0.9,0.84,4.65,5.2700000000000005,91.0,92.0,2.0,0.0,-182.53,0.48,0.73,0.57,-57.14,1992.26,-2.88,44.11,66.67,24.0,5.5,22.91,3.0,12.5,80.95,0.0,19.05,73.61,0.0,26.39,1.33,0.22,88.0,0.7,4.65,1.5,"B22,B29,B30,B32,B33,B34,B35,B37,B38,B39,B40,B44,B48,B51,B52,B55,B56,B58,B59,B60,B62,B63,B66,B70"
ovo_rsj_rejected42_bindcraft,PRKPPERSEEYLEVMERAKKEMPPAAVEHVERMVAPVPGLSDEENAVHAKYLEEFMTYMVKDYLERQRKRRE,1.09,0.41,89.0,0.9,0.84,4.65,5.2700000000000005,91.0,92.0,1.0,0.0,-183.54,0.38,0.73,0.62,-60.94,2012.37,-3.03,43.79,69.19,26.0,7.0,27.11,2.0,7.71,80.47,0.0,19.52,73.61,0.0,26.39,1.24,0.21,81.0,0.58,6.51,3.22,"B22,B29,B30,B32,B33,B35,B36,B37,B38,B40,B44,B47,B48,B51,B52,B55,B56,B58,B59,B60,B62,B63,B66,B67,B70"
ovo_rsj_rejected43_bindcraft,MREDPEFVEVMEELAKVLEKYASKMTSEPIKKSVRDENGKVDTSEVYSQFLYLMYSDDLSEAEKKAREEFIKVIKEKTGQVFE,0.82,0.61,89.0,0.9,0.83,4.96,5.58,85.0,92.0,2.5,0.0,-224.96,0.27,0.66,0.66,-49.45,1863.45,-2.66,38.83,56.63,23.0,5.5,24.25,3.5,14.96,63.34,0.0,36.66,63.26,0.0,36.74,1.8,0.22,87.0,0.76,4.65,1.79,"B1,B3,B4,B6,B7,B10,B11,B14,B29,B44,B47,B48,B50,B51,B52,B55,B56,B57,B74,B78,B80,B82"
ovo_rsj_rejected44_bindcraft,MREDPEFVEVMEELAKVIEKYAPDATSEPIPKSVRDENGNVNTSEVYSVFLYIMYSDDLSEAEKKMREELIEVIKKKTGQVFK,0.86,0.63,88.0,0.89,0.83,4.96,5.58,86.0,93.0,3.0,0.0,-206.1,0.3,0.67,0.61,-50.82,1971.24,-2.58,42.23,57.55,23.5,7.5,31.63,4.5,18.82,66.97,0.0,33.03,61.45,0.0,38.55,1.45,0.22,89.0,0.8,4.65,1.42,"B1,B2,B3,B4,B6,B7,B10,B11,B14,B29,B44,B45,B47,B48,B50,B51,B52,B54,B55,B56,B57,B67,B74,B80,B82"
ovo_rsj_rank01_bindcraft,MREDPEFVEVMEELAKVIEKYAPKATSEPIPKSVRDENGKVNTSEVYSVFLYIMYSDDLSEAEKEMREELKKVIKEKTGQVFE,0.87,0.63,89.0,0.9,0.83,4.96,5.2700000000000005,86.0,93.0,3.0,0.0,-227.82,0.27,0.67,0.6,-51.59,2042.72,-2.54,43.82,56.95,23.0,7.0,30.29,3.5,15.14,63.34,0.0,36.66,61.45,0.0,38.55,1.35,0.22,90.0,0.8,4.03,1.26,"B1,B2,B3,B4,B6,B7,B10,B11,B14,B43,B44,B45,B47,B48,B50,B51,B52,B55,B56,B57,B74,B78,B80,B81,B82"
ovo_rsj_rejected45_bindcraft,MREDPEFVKVMEKLAEVIEEYAPKATTEPIPKSVRDEEGKVNTSEVYSVFLYVMYSDDLSEAEKKMREKLIEVIKKETGQVFE,0.87,0.54,88.0,0.89,0.83,4.96,5.58,86.0,92.0,3.0,0.0,-202.5,0.31,0.67,0.6,-53.98,2084.26,-2.58,43.91,59.53,24.5,7.0,28.18,5.0,20.98,64.62,0.0,35.38,61.45,0.0,38.55,1.46,0.22,89.0,0.79,4.340000000000001,1.36,"B1,B2,B3,B4,B6,B7,B10,B11,B14,B29,B43,B44,B45,B47,B48,B50,B51,B52,B55,B56,B57,B74,B78,B80,B81,B82"
ovo_rsj_rejected46_bindcraft,PLPPPEASARFREVLERARREMPEAAVAHVERMVAPVPGLSEEENRVHARYLEEFMTYMVEDYLKRKEEELE,1.08,0.45,84.0,0.89,0.83,5.58,6.2,90.0,89.0,1.5,0.0,-177.12,0.43,0.72,0.63,-58.73,1910.43,-3.08,41.81,76.0,25.0,6.0,24.0,2.0,8.0,79.47,0.0,20.52,77.78,0.0,22.22,2.65,0.22,85.0,0.67,5.2700000000000005,2.08,"B22,B25,B26,B29,B30,B32,B33,B34,B35,B36,B37,B38,B40,B44,B48,B51,B52,B55,B56,B58,B59,B60,B62,B63,B66"
ovo_rsj_rejected47_bindcraft,MLSERLRERLRALLEEGKALVKEMVAAGKPNFDEIVAKLKPQFQALRDSESSPETQALVDKFFDQITSYVFSWMIYEHHNYPDMPSVDDWLEELESQVP,1.11,0.41,89.0,0.89,0.83,4.65,5.58,91.0,91.0,3.0,0.0,-245.44,0.34,0.7,0.7,-43.25,1546.45,-2.79,29.86,41.05,19.5,1.5,7.63,3.0,15.39,78.46,0.0,21.54,76.27,0.0,23.73,2.96,0.22,83.0,0.7,5.2700000000000005,1.2,"B30,B32,B33,B61,B64,B65,B67,B68,B69,B71,B72,B74,B75,B76,B78,B79,B80,B81,B93"
ovo_rsj_rank02_bindcraft,MKPTQADVDKLIDEMMSLQDHPEGPTWEEFSRVMRNIWEYMENGDLEAFEEAKKIVDEVKKRVA,0.96,0.49,94.0,0.9,0.83,3.72,4.65,93.0,94.0,4.5,0.0,-169.13,0.33,0.67,0.65,-47.67,1825.65,-2.61,51.23,47.37,19.0,7.0,36.84,3.5,18.42,76.39,0.0,23.61,75.78,0.0,24.22,0.86,0.22,94.0,0.8,2.48,0.92,"B5,B9,B12,B13,B16,B17,B19,B20,B25,B26,B27,B30,B31,B34,B35,B37,B38,B41,B42"
ovo_rsj_rank03_bindcraft,SMKKKELEKEVDKILEEMVKRAEEVSRNGTPEEGDKYWKEEMEKLMKVLKELENL,1.07,0.29,92.0,0.9,0.83,4.340000000000001,4.65,93.0,93.0,1.0,0.0,-133.54,0.28,0.63,0.6,-46.63,1642.34,-2.83,45.04,57.81,22.5,4.5,19.96,3.0,13.44,100.0,0.0,0.0,91.82,0.0,8.18,0.79,0.21,94.0,0.72,3.1,1.12,"B11,B12,B15,B16,B18,B19,B21,B22,B23,B25,B26,B31,B34,B35,B37,B38,B39,B41,B42,B45,B46,B49,B53"
ovo_rsj_rejected48_bindcraft,SEEVVKNILESAKEMKERLEKFLKENPDLSEEKKKKIEEMIKRVEEVIEHAEGKGDLSPEEMIEILWKVWVEFTTLEDE,0.91,0.38,94.0,0.9,0.83,4.340000000000001,4.96,93.0,94.0,0.0,0.0,-227.63,0.21,0.59,0.59,-36.31,1462.29,-2.48,31.34,47.22,18.0,4.0,21.98,1.5,8.21,100.0,0.0,0.0,82.28,0.0,17.72,0.94,0.21,94.0,0.8,3.41,0.87,"B4,B7,B8,B10,B11,B14,B15,B18,B63,B64,B66,B67,B70,B71,B73,B74,B75,B77,B78"
ovo_rsj_rejected49_bindcraft,MLSEELRKKIRELIEEGYKMVKEMVAAGKPNFDEIKKKLEPKFEELKNSFESEEEKELIEKIRDQIFSYIFSWMIYEHHNYPDMPTVDDWLKELESKLP,1.09,0.28,89.0,0.89,0.82,5.2700000000000005,6.2,91.0,91.0,2.5,0.0,-250.33,0.2,0.7,0.68,-44.48,1523.64,-2.92,27.41,49.88,20.0,2.5,12.16,3.0,15.04,77.75,0.0,22.25,77.78,0.0,22.22,3.11,0.22,88.0,0.78,4.340000000000001,1.96,"B30,B31,B32,B33,B64,B65,B67,B68,B69,B71,B72,B74,B75,B76,B78,B79,B80,B81,B82,B90,B93"
ovo_rsj_rejected50_bindcraft,KLPEKLQEKLKKLIEEGKDLVKEMVAAGEPNFKKIEEEIKPKFEEIKNSEKSKEMQELVDKIYDQILSYLFSWMIYEHHNYPDAPSVDDVLEELQKQLP,1.1,0.27,89.0,0.88,0.82,4.96,5.89,90.0,91.0,2.5,0.0,-242.79,0.22,0.71,0.62,-43.94,1709.72,-2.56,30.98,51.19,19.5,3.0,15.27,3.5,17.77,79.63,0.0,20.36,77.78,0.0,22.22,3.24,0.22,90.0,0.79,3.72,1.08,"B30,B31,B32,B33,B36,B64,B65,B67,B68,B69,B71,B72,B74,B75,B76,B78,B79,B81,B97"
ovo_rsj_rank04_bindcraft,SPELEKLKKEVDEILKEMVERAEEVSRNGTPEEGDKYWKEEMEKLMKVLKEIENL,1.08,0.29,92.0,0.9,0.82,4.340000000000001,4.96,91.0,92.0,1.0,0.0,-138.21,0.31,0.67,0.59,-47.75,1661.28,-2.88,45.94,53.09,24.5,4.0,16.34,3.0,12.25,100.0,0.0,0.0,91.82,0.0,8.18,0.8,0.2,94.0,0.71,2.79,1.23,"B11,B12,B15,B18,B19,B21,B22,B23,B25,B26,B27,B29,B30,B31,B34,B35,B37,B38,B39,B41,B42,B45,B46,B49,B53"
ovo_rsj_rejected51_bindcraft,NWWEMSGYEYAKEMIENLSEFGFDLVKEMRERGYKEEAIKKMEEAVKNFYEKGTALLNKYPEKGSEEEKKKFEEENIDVINDMAYELIQKMHEMSYAPKE,0.98,0.31,88.0,0.89,0.82,5.58,6.51,88.0,92.0,13.5,0.0,-242.69,0.24,0.64,0.58,-66.1,2601.63,-2.54,43.87,58.1,31.0,5.5,17.5,4.5,14.47,78.46,0.0,21.54,78.5,0.0,21.5,2.05,0.22,91.0,0.8,4.340000000000001,1.88,"B2,B3,B5,B6,B7,B10,B13,B14,B17,B18,B20,B21,B24,B25,B28,B29,B32,B42,B77,B78,B81,B84,B85,B88,B91,B92,B94,B95,B96"
ovo_rsj_rank05_bindcraft,MLSEELKEKIKELLEEGYNLVKEMVSKGKPNFKEIEEKLKPKFEEIKNSFESEEDKELVDKIFDQVLSYIFSWMIYEHHNYKDMPTVDDILEELEKQVP,1.05,0.3,89.0,0.89,0.82,5.2700000000000005,6.2,91.0,91.0,2.5,0.0,-271.35,0.15,0.7,0.67,-43.52,1498.09,-2.91,26.67,48.97,18.5,4.0,21.32,2.0,10.88,75.0,0.0,25.0,77.28,0.0,22.73,3.65,0.23,91.0,0.79,3.72,1.29,"B30,B31,B32,B64,B65,B67,B68,B69,B71,B72,B74,B75,B76,B79,B80,B81,B93"
ovo_rsj_rejected52_bindcraft,SKEEVIEEAREAARRVLEGEEPQEHENPYVHMAAVFTMMYRDYTGGKADPEEALEHVMEIVEKFIEEYM,0.81,0.65,92.0,0.9,0.82,4.340000000000001,4.96,90.0,93.0,3.0,0.0,-173.89,0.32,0.66,0.65,-42.22,1602.53,-2.63,42.63,71.84,19.5,3.5,17.77,2.5,12.77,100.0,0.0,0.0,75.36,0.0,24.64,1.28,0.22,94.0,0.81,2.48,1.25,"B21,B22,B24,B28,B29,B31,B32,B35,B36,B38,B39,B40,B42,B43,B56,B57,B60,B63,B64,B68"
ovo_rsj_rejected53_bindcraft,SDEVRKNILESAKEMKERLEEYLKENPELSEEEKKKLEEMIEKVKEVIKNAEGKGDMSPEEMIEKLWEVWVEFTTLEDK,0.91,0.33,93.0,0.89,0.82,4.340000000000001,5.2700000000000005,92.0,94.0,0.0,0.0,-229.19,0.18,0.56,0.63,-36.16,1431.25,-2.53,30.7,48.53,16.5,4.5,27.2,1.5,9.0,100.0,0.0,0.0,82.28,0.0,17.72,0.96,0.22,94.0,0.8,3.1,0.97,"B4,B7,B8,B11,B14,B15,B18,B63,B64,B66,B67,B70,B71,B74,B75,B77,B78"
ovo_rsj_rejected54_bindcraft,MVVLSEEDQAFQRKMKDIFEESNHPDWSYTVIKFDNGSEVVVFYPASEKPPSKEEVEEEYRAM,0.97,0.57,85.0,0.89,0.81,5.89,6.51,86.0,88.0,2.0,0.0,-166.05,0.38,0.66,0.58,-52.66,2004.93,-2.62,54.48,50.0,19.0,4.5,23.69,4.0,21.05,60.2,16.77,23.02,40.48,22.22,37.3,1.8,0.22,78.0,0.51,8.06,3.53,"B7,B8,B10,B11,B12,B14,B15,B18,B19,B21,B22,B23,B24,B26,B27,B43,B59,B60,B63"
ovo_rsj_rejected55_bindcraft,MREDPEFVKVMEELAKVLEKYADKMTDEPIPKSVRDENGKVNTSEVYSTFLYLMYSDNLSEAEKKAREEFKKVIKEKTGQVFE,0.84,0.59,88.0,0.89,0.81,5.2700000000000005,5.89,85.0,92.0,1.5,0.0,-225.55,0.26,0.65,0.61,-53.03,2009.62,-2.63,41.62,53.09,24.5,7.0,28.59,5.0,20.59,58.57,0.0,41.43,61.45,0.0,38.55,1.49,0.22,86.0,0.76,4.65,1.21,"B1,B2,B3,B4,B7,B10,B11,B14,B29,B43,B44,B45,B47,B48,B50,B51,B52,B55,B56,B57,B74,B78,B80,B82"
ovo_rsj_rejected56_bindcraft,MREDEEFVKVMEELAKVLEKYADKMTSEPIPKSVRDEEGKVNTSEVYSAFLYIMYSDNLSEAEKEARKEFIEVIKKMTGQVFE,0.84,0.54,86.0,0.88,0.81,5.58,6.51,86.0,90.0,3.5,0.0,-214.62,0.24,0.62,0.59,-45.77,1905.53,-2.42,39.35,54.19,25.0,6.0,24.48,3.5,13.61,76.69,0.0,23.32,62.66,0.0,37.34,2.21,0.22,88.0,0.78,4.65,2.03,"B1,B2,B3,B4,B6,B7,B10,B11,B14,B29,B43,B44,B45,B47,B48,B50,B51,B52,B55,B56,B57,B74,B78,B80,B81,B82,B83"
ovo_rsj_rejected57_bindcraft,MREDPEFVKVMEELAKVIEKYADKATSEPIPKSVRDEEGKVNTSEVYSVFLYIMYSDNLSEAEKKMREELIEVIKKMTGQVFE,0.86,0.59,86.0,0.89,0.81,5.58,6.2,85.0,91.0,3.0,0.0,-220.8,0.29,0.67,0.61,-43.17,1819.49,-2.38,37.79,56.47,24.0,4.5,19.05,3.0,11.89,65.69,0.0,34.31,61.45,0.0,38.55,1.61,0.22,88.0,0.79,4.65,1.77,"B1,B2,B3,B4,B6,B7,B10,B11,B14,B29,B44,B45,B47,B48,B50,B51,B52,B54,B55,B56,B57,B67,B74,B78,B82,B83"
ovo_rsj_rejected58_bindcraft,MLPEELREKLRKLIEEGKELVREMVAAGKPNFDEIVAKLKPKFEELKNSYSSKEMQELVDKIFDQVTSYLFSWMIYEHHNYPDAPSVDDVLEELEKQLP,1.04,0.35,89.0,0.88,0.81,5.2700000000000005,6.51,89.0,91.0,2.0,0.0,-263.99,0.24,0.69,0.66,-38.49,1475.28,-2.61,27.06,43.27,18.5,1.5,8.18,1.0,5.41,77.75,0.0,22.25,77.78,0.0,22.22,2.68,0.22,88.0,0.76,4.340000000000001,1.02,"B30,B31,B32,B33,B64,B65,B67,B68,B69,B71,B72,B74,B75,B76,B79,B80,B81,B97"
ovo_rsj_rejected59_bindcraft,AKPTQADVDALIDRMMSLQDHPKGPTWEEFSKVMRNIWKYMEKGDMKAFEEAKKIVDEVEKRVA,0.92,0.58,92.0,0.9,0.81,4.340000000000001,4.96,91.0,94.0,5.5,0.0,-161.86,0.35,0.6,0.68,-41.37,1673.47,-2.47,45.73,50.0,19.0,6.0,31.66,3.0,15.55,79.52,0.0,20.48,76.56,0.0,23.44,1.08,0.22,94.0,0.8,2.48,0.83,"B5,B9,B12,B13,B16,B19,B20,B25,B26,B27,B30,B31,B34,B35,B37,B38,B41,B42"
ovo_rsj_rank06_bindcraft,SKEVVENILKSAKEMKERIKKYLEENPELSEEKKKELEEMLKEVEEVIKHAEGKGDLSPEEMIEKLWKVWVKFTTLEDE,0.9,0.38,93.0,0.89,0.81,4.340000000000001,5.2700000000000005,92.0,94.0,0.5,0.0,-221.39,0.18,0.6,0.6,-37.0,1409.11,-2.62,29.59,43.53,16.0,6.0,37.64,1.5,9.61,100.0,0.0,0.0,82.28,0.0,17.72,1.25,0.22,93.0,0.78,3.41,0.92,"B4,B7,B11,B14,B18,B63,B64,B66,B67,B70,B71,B74,B75,B77,B78"
ovo_rsj_rank07_bindcraft,APPLSDEEKWEITVKKIDKIEKEFKEKALNSKDEKLSPEEVYEKLRPEMDEKIIEVIRRAEEGKITPEDL,0.94,0.42,89.0,0.9,0.81,5.2700000000000005,5.58,92.0,92.0,7.5,0.0,-178.47,0.33,0.68,0.61,-40.45,1696.92,-2.38,35.23,46.19,19.5,3.5,18.02,1.5,7.76,100.0,0.0,0.0,72.86,0.0,27.14,1.6,0.22,88.0,0.68,4.96,1.6,"B6,B7,B9,B10,B13,B14,B17,B18,B21,B43,B46,B49,B50,B53,B54,B57,B60,B61,B62,B65"
ovo_rsj_rank08_bindcraft,MKPLTDDEKWEITVKKIDKIEEEYKEKAKNSKDKSLSPEEVYEKLRPEMDKKIIEVIDKAEKGEITEEDL,0.92,0.45,90.0,0.89,0.81,5.2700000000000005,5.58,92.0,92.0,7.0,0.0,-181.02,0.26,0.69,0.62,-41.83,1738.97,-2.4,36.91,41.88,21.5,3.0,13.96,2.5,11.69,100.0,0.0,0.0,72.86,0.0,27.14,1.41,0.22,87.0,0.65,5.58,1.54,"B6,B7,B9,B10,B11,B13,B14,B17,B18,B21,B43,B46,B49,B50,B53,B54,B57,B60,B61,B62,B63,B65"
ovo_rsj_rank09_bindcraft,SKEEVIEEAREAARKVMEGEEPQEHENPYVHMAEVFTMMYRDYTGGKAPIEEAVEHVMKIVEEFIEKYM,0.8,0.58,92.0,0.89,0.8,4.340000000000001,5.2700000000000005,91.0,93.0,5.0,0.0,-167.87,0.32,0.63,0.66,-37.39,1402.54,-2.69,35.95,76.11,16.5,3.0,18.34,1.5,8.89,100.0,0.0,0.0,75.36,0.0,24.64,1.15,0.22,94.0,0.81,2.48,1.16,"B28,B31,B32,B35,B36,B38,B39,B40,B42,B43,B56,B57,B60,B64,B68"
ovo_rsj_rejected60_bindcraft,MISEELQKKLRALLEEGYELVREMVAAGKPNFDELKARLTPKFQELKNSYSSKEDQELVDKIFDQVLSYLFSWMIYEHHNYPDKPSVDDILAEIEKQIP,1.1,0.28,88.0,0.88,0.8,5.2700000000000005,6.51,90.0,89.0,2.0,0.0,-257.8,0.25,0.64,0.59,-35.56,1392.01,-2.55,25.74,50.2,16.0,2.5,15.1,1.0,6.28,70.33,0.0,29.67,77.78,0.0,22.22,3.33,0.22,89.0,0.74,4.03,1.15,"B30,B31,B32,B33,B65,B68,B69,B71,B72,B74,B75,B76,B78,B79,B80,B81,B97"
ovo_rsj_rejected61_bindcraft,SISEELKKKLKELLEYAKKLVKEMVAAGKPNFDKIVEEIEPKFEEIRNSFSSEEEKELVKKFFDQIKSYIFSWMIYEHHNYKDAPSVDDVLEELEKQVP,1.06,0.31,83.0,0.85,0.8,6.51,7.439999999999999,85.0,86.0,2.5,0.0,-264.49,0.12,0.67,0.67,-38.22,1521.14,-2.52,26.85,43.92,16.0,3.0,19.21,2.0,12.54,83.97,0.0,16.03,76.27,0.0,23.73,6.94,0.22,88.0,0.78,4.340000000000001,2.49,"B32,B33,B60,B61,B64,B65,B67,B68,B69,B71,B72,B74,B75,B76,B78,B79,B81"
ovo_rsj_rejected62_bindcraft,MISEELKKKIRELLEEGYELVKEMVAAGKPNFKEIEEKLKPKFEELKNSLKNEKDKKLVEKIFDQVLSYVFSWMIYEHHNYPDMPSVDDILEEIEKQVP,1.08,0.28,88.0,0.88,0.8,5.58,6.51,90.0,90.0,1.5,0.0,-270.15,0.2,0.7,0.63,-45.69,1671.25,-2.74,30.25,46.19,19.5,3.0,15.27,2.0,10.13,76.78,0.0,23.21,77.78,0.0,22.22,3.38,0.22,82.0,0.69,5.58,1.94,"B30,B31,B32,B33,B61,B64,B65,B67,B68,B69,B71,B72,B74,B75,B76,B78,B79,B80,B81"
ovo_rsj_rejected63_bindcraft,MLPEELKEKIKKLLEEGKKLVKEMVAAGKPNFDEIVKKLKPKFEEIKNSYSSEEMKELIDKIFDQLTSYVFSWMIYEHHNYPDAPTVEDVLEEIEKKIP,1.03,0.36,91.0,0.88,0.8,4.65,6.2,91.0,92.0,2.5,0.0,-266.56,0.23,0.67,0.67,-38.37,1496.12,-2.56,26.98,48.53,17.5,3.0,16.99,1.0,5.72,77.75,0.0,22.25,77.78,0.0,22.22,3.49,0.22,83.0,0.67,5.2700000000000005,1.23,"B30,B31,B32,B33,B61,B64,B65,B67,B68,B69,B71,B72,B74,B75,B76,B79,B81,B82"
ovo_rsj_rejected64_bindcraft,KKPLSKEEKEKVKDQIFDVVMEMLREMFKNGMTEKQKKIFDWIDEAMIDDSKLDNVPEELIEYAKEHGVEFEY,0.9,0.47,91.0,0.89,0.79,4.65,5.89,90.0,92.0,3.5,0.0,-210.0,0.3,0.7,0.66,-50.8,1723.62,-2.95,40.94,67.65,17.0,4.0,23.53,2.5,14.7,100.0,0.0,0.0,73.97,0.0,26.03,2.0,0.22,90.0,0.72,3.72,1.18,"B13,B14,B16,B17,B20,B21,B24,B25,B27,B28,B29,B32,B40,B43,B44,B47,B48"
ovo_rsj_rejected65_bindcraft,KKPLTEEEKKKLKDQLFDVVMEMLRHMFKNGMTKEEEEIFKWIDEAMIDESKLDNVPEKLVEWAKEHGVKFEY,0.94,0.52,91.0,0.89,0.79,4.65,5.58,91.0,92.0,4.0,0.0,-200.75,0.32,0.64,0.69,-52.33,1698.1,-3.08,39.66,64.59,17.0,4.5,26.73,1.0,5.9,100.0,0.0,0.0,73.97,0.0,26.03,1.73,0.22,90.0,0.73,3.72,1.18,"B13,B14,B16,B17,B20,B21,B24,B25,B27,B28,B29,B32,B40,B43,B44,B47,B48,B50"
ovo_rsj_rank10_bindcraft,SKEEVIEEAREEALRVLEGEEPKEHENPYVHMAAVFTMMYRDYTGGKMPKEEGLEHVMKIVNKFIEEYM,0.82,0.6,89.0,0.89,0.79,4.96,5.58,87.0,91.0,2.5,0.0,-164.75,0.33,0.67,0.68,-43.62,1622.74,-2.69,42.56,73.68,19.0,4.0,21.05,3.5,18.42,92.85,0.0,7.14,73.91,0.0,26.09,1.57,0.22,93.0,0.8,2.48,1.17,"B22,B28,B29,B31,B32,B35,B36,B38,B39,B40,B42,B43,B56,B57,B60,B63,B64,B67,B68"
ovo_rsj_rank11_bindcraft,MREDPEFVKVMEKLAEVLEKYAKDATTEPIKESVRDENGEVDTSEVYSQFLYIMYSDNLSEAEKKMREELIKVIKEMTGQVFE,0.87,0.54,86.0,0.88,0.79,5.89,6.51,84.0,90.0,3.0,0.0,-224.82,0.27,0.65,0.61,-44.61,1871.88,-2.39,39.71,53.42,23.5,4.0,17.41,3.5,14.91,66.97,0.0,33.03,59.04,0.0,40.96,1.65,0.22,89.0,0.78,4.65,2.05,"B1,B2,B3,B4,B6,B7,B10,B11,B14,B29,B43,B44,B47,B48,B50,B51,B52,B55,B56,B57,B67,B74,B78,B80,B81,B82,B83"
ovo_rsj_rejected66_bindcraft,AKPTQADVDALIDRAMSLQDHPKGPTWEEFSEVMRNIWRYMEEGDMEAFEEAKKIVDEVEERVK,0.9,0.53,89.0,0.89,0.78,4.96,5.58,88.0,90.0,5.0,0.0,-159.39,0.33,0.71,0.67,-49.48,1695.07,-2.92,46.2,48.69,18.5,6.5,34.95,2.0,10.96,81.57,0.0,18.43,77.34,0.0,22.66,1.44,0.22,74.0,0.49,8.06,6.09,"B5,B9,B12,B13,B16,B19,B20,B25,B26,B27,B30,B31,B34,B35,B37,B38,B41,B42"
ovo_rsj_rejected67_bindcraft,KPPLSEEEKKKVKDQLFDVVMEMLRDMFKNGMTEKQREIFKWIDEAMIDDSKLDDVPEELVEYAKEHGVPFEY,0.88,0.5,90.0,0.88,0.78,5.2700000000000005,5.89,90.0,91.0,3.5,0.0,-217.87,0.36,0.68,0.6,-49.86,1769.2,-2.81,43.19,65.69,17.5,5.0,28.43,1.0,5.72,100.0,0.0,0.0,73.97,0.0,26.03,1.81,0.22,90.0,0.73,3.72,1.16,"B13,B14,B17,B18,B20,B21,B24,B25,B27,B28,B29,B32,B40,B43,B44,B47,B48"
ovo_rsj_rejected68_bindcraft,KKPLSEEEKKKVKDQLFDVVMEMLRDMFKNGMTEEQRKIFEWIDKAMIDDSELDNVPEELIKWAKENGVKFEY,0.87,0.47,91.0,0.88,0.78,4.96,5.89,90.0,92.0,3.5,0.0,-212.28,0.3,0.7,0.62,-50.12,1662.87,-3.01,38.62,63.78,16.5,5.0,30.52,2.5,15.25,100.0,0.0,0.0,74.66,0.0,25.34,1.71,0.22,91.0,0.75,3.41,1.11,"B13,B14,B17,B20,B21,B24,B25,B27,B28,B29,B32,B40,B43,B44,B47,B48"
ovo_rsj_rejected69_bindcraft,MISEELRKKLRELLEEGKELVKKMVKEGKPNFDEIVKELKPKFEELKNSYESEEEKELVDKIFDQVTSYVFSWMIYEHHNYPDAPSVDDVMAELEKQIP,1.03,0.32,85.0,0.85,0.78,6.51,7.439999999999999,84.0,86.0,1.5,0.0,-263.98,0.17,0.69,0.63,-37.09,1518.03,-2.45,26.92,40.59,18.5,1.5,7.94,4.0,21.77,83.97,0.0,16.03,76.77,0.0,23.23,7.3,0.22,87.0,0.73,4.65,2.42,"B31,B32,B33,B61,B64,B65,B67,B68,B69,B71,B72,B74,B75,B76,B78,B79,B80,B81,B82,B93"
ovo_rsj_rejected70_bindcraft,MKPLSEEEKKKVKDQLFDVVMEMLRNMFKNGMTEEEKEIFKWIDEAMIDESKLDNVPEKLIEYAKKHGVEFEY,0.87,0.47,90.0,0.88,0.78,5.2700000000000005,6.2,90.0,91.0,2.5,0.0,-205.81,0.28,0.69,0.67,-49.37,1683.43,-2.93,38.7,59.03,17.0,2.5,14.93,1.5,8.68,100.0,0.0,0.0,73.97,0.0,26.03,2.25,0.22,90.0,0.73,3.72,1.19,"B10,B13,B14,B17,B18,B20,B21,B24,B25,B27,B28,B29,B40,B43,B44,B47,B48,B50"
ovo_rsj_rejected71_bindcraft,MKPLSEEEKKKVKDQIFDVVMEMLRDMFKNGMTEKQRKIFDWIDEAMIDESKLDNVPQELIDYAKENGVPFEY,0.9,0.5,91.0,0.88,0.78,4.96,6.2,90.0,92.0,3.0,0.0,-208.32,0.35,0.74,0.65,-53.06,1866.99,-2.84,45.89,60.0,20.0,3.5,17.5,1.5,7.5,100.0,0.0,0.0,74.66,0.0,25.34,1.62,0.22,91.0,0.74,3.41,1.14,"B10,B13,B14,B16,B17,B18,B20,B21,B24,B25,B27,B28,B29,B32,B40,B43,B44,B47,B48,B50"
ovo_rsj_rejected72_bindcraft,MKPLSEEEKEKLKDQLFDVVMEMLRHMFKNGMTEEEREIFEWIDKAMIDESELDNVPESLIKLAKERGVEFEY,0.94,0.48,89.0,0.88,0.78,5.2700000000000005,6.2,89.0,90.0,3.5,0.0,-194.21,0.32,0.65,0.56,-44.89,1607.51,-2.79,37.26,61.77,17.0,5.5,32.35,2.5,14.7,100.0,0.0,0.0,73.97,0.0,26.03,1.92,0.22,89.0,0.73,3.72,1.12,"B13,B14,B17,B20,B21,B24,B25,B27,B28,B29,B32,B40,B43,B44,B47,B48,B50"
ovo_rsj_rejected73_bindcraft,KKPLSEEEKKKVKDQLFDVVMAMLRDMFKNGMTEEQRKIFDWIDKAMIDESELDNVPEELIEWAKKNGVPFEY,0.85,0.48,90.0,0.88,0.77,4.96,6.2,90.0,91.0,4.0,0.0,-209.2,0.35,0.68,0.65,-51.39,1766.02,-2.91,41.99,65.95,17.5,5.5,31.41,1.0,5.75,100.0,0.0,0.0,75.34,0.0,24.66,1.47,0.22,91.0,0.74,3.41,1.06,"B13,B14,B17,B20,B21,B24,B25,B27,B28,B29,B32,B40,B43,B44,B47,B48"
ovo_rsj_rejected74_bindcraft,MKPLSDEEKKKVKDQLFDVVMAMLREMFKNGMTKEQEEIFKWIDEAMIDDSKLDSVPKELIDYAKKHGVEFEY,0.92,0.43,89.0,0.88,0.77,5.2700000000000005,6.51,89.0,91.0,3.5,0.0,-206.61,0.3,0.67,0.59,-48.09,1662.58,-2.89,37.98,63.78,16.5,4.5,27.39,3.0,18.38,100.0,0.0,0.0,73.97,0.0,26.03,1.86,0.22,90.0,0.74,3.72,1.28,"B13,B14,B17,B20,B21,B24,B25,B27,B28,B29,B32,B40,B43,B44,B47,B48"
ovo_rsj_rejected75_bindcraft,MKPLSEEEKKKVKDQLFDVVMEMLREMFKNGMTEKQKKIFDWIDEAMIDDSKLDNVPEELIEYAKEHGVKFEY,0.87,0.45,90.0,0.88,0.77,5.2700000000000005,6.51,90.0,91.0,4.0,0.0,-207.56,0.32,0.73,0.69,-45.31,1631.66,-2.76,38.08,60.13,17.5,3.5,20.26,4.0,22.88,100.0,0.0,0.0,73.97,0.0,26.03,2.09,0.22,90.0,0.73,3.72,1.21,"B13,B14,B17,B20,B21,B24,B25,B27,B28,B29,B32,B40,B43,B44,B47,B48,B50"
ovo_rsj_rejected76_bindcraft,KKPLSPEEKKKLKDQLFDVVMAMLREMFKNGMTKEQEEIFKWIDEAMIDDSKLDNVPKKLVEWAKKNGVPLEY,0.94,0.45,90.0,0.88,0.77,4.96,6.2,90.0,92.0,3.5,0.0,-207.96,0.34,0.68,0.65,-48.61,1663.98,-2.92,38.73,61.3,18.0,4.5,25.54,1.5,8.51,100.0,0.0,0.0,73.97,0.0,26.03,1.67,0.22,90.0,0.75,3.41,1.04,"B13,B14,B17,B20,B21,B24,B25,B27,B28,B29,B31,B32,B40,B43,B44,B47,B48"
ovo_rsj_rejected77_bindcraft,MKPLSDEEKEKVKDQLFDVVMEMLREMFKNGMTEEQRKIFDFIDEAMIDDSKLDNVPESLIEYAKKHGVEFKY,0.92,0.45,88.0,0.88,0.77,5.2700000000000005,6.51,89.0,90.0,4.0,0.0,-192.03,0.3,0.61,0.6,-45.55,1738.73,-2.62,40.68,65.95,17.5,4.0,24.02,2.5,13.65,100.0,0.0,0.0,75.34,0.0,24.66,2.29,0.22,89.0,0.73,3.72,1.23,"B13,B14,B17,B20,B21,B24,B25,B27,B28,B29,B32,B40,B43,B44,B47,B48"
ovo_rsj_rejected78_bindcraft,MEPTQADVDALIDRLMSLQDHPKGPTWEEFSEVMRNIWKYMEEGDLEAFKEAKEIVEKVEKRVA,0.89,0.49,86.0,0.88,0.76,5.58,6.51,86.0,89.0,4.5,0.0,-163.01,0.34,0.66,0.6,-48.12,1650.43,-2.92,45.5,52.63,19.0,6.0,31.58,4.0,21.05,80.62,0.0,19.38,76.56,0.0,23.44,1.48,0.22,82.0,0.6,5.58,5.57,"B5,B8,B9,B12,B13,B16,B19,B20,B25,B26,B27,B30,B31,B34,B35,B37,B38,B41,B42"
ovo_rsj_rejected79_bindcraft,MKPLSDEEKKKVKDQLFDVVMEMLRDMFKNGMTEKERKIFDWIDEAMIDDSKLDNVPQELIDYAKEHGVPFEY,0.94,0.48,89.0,0.88,0.76,5.2700000000000005,6.51,89.0,91.0,2.5,0.0,-201.56,0.32,0.7,0.61,-48.61,1739.6,-2.79,41.08,57.98,19.0,4.5,23.67,3.5,17.79,100.0,0.0,0.0,73.97,0.0,26.03,1.98,0.22,91.0,0.74,3.72,1.19,"B10,B13,B14,B15,B16,B17,B18,B20,B21,B24,B25,B27,B28,B29,B32,B40,B43,B44,B47,B48,B50"
ovo_rsj_rejected80_bindcraft,MKPLSEEEKKKVKDQLFDVVMEMLRDMFKNGMTEEQRKIFDWIDEAMIDDSKLDNVPEELIEYAKKNGVKFEY,0.89,0.45,89.0,0.88,0.76,5.2700000000000005,6.51,89.0,90.0,3.0,0.0,-203.12,0.31,0.68,0.66,-49.91,1671.93,-2.99,38.39,62.91,17.5,4.0,23.04,2.0,11.6,100.0,0.0,0.0,73.97,0.0,26.03,1.84,0.22,90.0,0.74,3.72,1.19,"B13,B14,B17,B20,B21,B24,B25,B27,B28,B29,B32,B40,B43,B44,B47,B48,B50"
ovo_rsj_rejected81_bindcraft,KPPLSEEEKKKVKDQIFKVVMEMLRDMFKNGMTKEQEKIFEWIDKAMIDDSELDNIPEELIEYAKKHGVEFEY,0.91,0.43,89.0,0.88,0.76,5.2700000000000005,6.51,88.0,90.0,4.5,0.0,-210.2,0.34,0.69,0.61,-51.56,1737.55,-2.96,41.3,66.67,18.0,4.5,25.0,2.5,13.89,95.45,0.0,4.54,73.97,0.0,26.03,1.81,0.22,89.0,0.71,4.03,1.18,"B13,B14,B16,B17,B20,B21,B24,B25,B27,B28,B29,B32,B40,B43,B44,B47,B48,B50"
ovo_rsj_rejected82_bindcraft,KKPLSDEEKKKLKDQLFDVVMAMLREMFKNGMTKEQEEIFKWIDKAMIDDSELDNVPQKLIDYAKKHGVELEY,0.93,0.4,90.0,0.88,0.75,5.58,6.82,89.0,91.0,3.5,0.0,-207.36,0.31,0.66,0.54,-48.31,1745.95,-2.77,40.97,64.93,17.0,5.0,29.16,1.5,8.68,100.0,0.0,0.0,73.97,0.0,26.03,1.91,0.22,89.0,0.71,4.340000000000001,3.08,"B10,B14,B15,B17,B18,B20,B21,B24,B25,B27,B28,B29,B32,B40,B43,B44,B47,B48"
ovo_rsj_rejected83_bindcraft,KKKLTEEEKKKVKDQLFDVVMEMLRHMFKNGMTEKEREIFDWIDEAMIDDSKLDDVPEELIELAKKRGVKFEY,0.92,0.47,88.0,0.87,0.75,5.89,6.82,87.0,89.0,3.5,0.0,-198.52,0.29,0.67,0.65,-41.72,1612.79,-2.56,37.61,67.71,15.5,4.5,28.75,4.0,26.04,100.0,0.0,0.0,74.66,0.0,25.34,1.77,0.22,86.0,0.68,4.65,1.33,"B13,B14,B17,B20,B21,B24,B25,B27,B28,B29,B32,B40,B43,B44,B47,B48"
ovo_rsj_rejected84_bindcraft,MISEELKEKIKELLEEAYELVEKMVKEGKPNFDEIVEKIKPKFEEIKNSLEDEKDKELVDKFFDQILSFVFSWMIYLHHNYPDMPSVEDVLEELESQVP,1.07,0.3,88.0,0.86,0.74,5.89,7.13,88.0,90.0,1.5,0.0,-270.23,0.21,0.73,0.65,-46.47,1663.93,-2.81,30.59,46.19,19.5,2.0,10.27,4.5,22.89,78.46,0.0,21.54,77.78,0.0,22.22,2.16,0.22,91.0,0.78,3.72,1.08,"B30,B31,B32,B33,B64,B65,B67,B68,B69,B71,B72,B74,B75,B76,B78,B79,B80,B81,B83"
ovo_rsj_rejected85_bindcraft,KPPLSDEEKKKVKDQLFDVVMEMLRDMFKNGMTEKEEKIFKWIDEAMIDDSKLDDVPEELVELAKERGVPFEY,0.91,0.47,88.0,0.87,0.74,5.58,6.82,86.0,89.0,4.5,0.0,-204.34,0.35,0.74,0.61,-50.36,1684.16,-2.99,39.94,63.78,16.5,3.5,21.5,4.0,24.08,100.0,0.0,0.0,74.66,0.0,25.34,1.79,0.22,87.0,0.69,4.340000000000001,1.16,"B13,B14,B17,B20,B21,B24,B25,B27,B28,B29,B32,B40,B43,B44,B47,B48"
ovo_rsj_rank12_bindcraft,KKPLSEEEKKKVKDQLFDVVMEMLRRMFKEGMTEEEREIFDWIDEAMIDDSKLDNVPEKLIELAKKRGVPFEY,0.88,0.47,86.0,0.87,0.73,6.2,7.13,85.0,88.0,4.0,0.0,-203.63,0.3,0.69,0.67,-45.98,1571.51,-2.92,35.62,64.59,15.5,4.5,29.16,3.0,19.38,100.0,0.0,0.0,74.66,0.0,25.34,2.01,0.22,88.0,0.69,4.340000000000001,1.31,"B10,B14,B17,B20,B21,B24,B25,B26,B27,B28,B29,B40,B43,B44,B47,B48"
ovo_rsj_rejected86_bindcraft,MLSEELKKKLKELLEKGKELVKEMVAAGKPNFDKIVEELKPLFEEIKNSFEKEEDKELVEKFFDQITSYIFSWMIYEHHNYKDMPSVEEVLEELEKQVP,1.02,0.3,88.0,0.86,0.73,5.89,7.439999999999999,88.0,90.0,4.0,0.0,-263.32,0.21,0.64,0.69,-33.37,1437.3,-2.3,24.98,43.55,19.5,3.0,15.39,3.0,15.53,77.5,0.0,22.5,76.27,0.0,23.73,2.08,0.22,84.0,0.71,5.2700000000000005,2.33,"B30,B31,B32,B33,B34,B64,B65,B67,B68,B69,B71,B72,B75,B76,B79,B81,B83,B85,B97"
ovo_rsj_rejected87_bindcraft,KLSEELKKKLTELLNEGKALVKKMVSEGKPNFDEVKAKLKPKFQKIKDSFKSEKDKELVDKIFDQILSYIFSWMIYEHHNYPDAPSVEDILDELEKQIP,1.09,0.33,89.0,0.85,0.73,5.89,7.439999999999999,89.0,91.0,8.0,0.0,-272.0,0.19,0.62,0.65,-33.34,1419.86,-2.35,24.88,54.89,16.5,2.5,15.98,2.0,12.41,71.8,0.0,28.2,77.78,0.0,22.22,3.97,0.22,91.0,0.78,3.72,1.42,"B25,B30,B31,B32,B33,B36,B64,B65,B68,B69,B71,B72,B74,B75,B76,B78,B79,B81,B82"
ovo_rsj_rank13_bindcraft,SEEVRENILKSAKEMKKRLEEYLKKNPDLSEEEKEKIREMIKKVEEVIKNAEGKGDMSDEEMIEKLWEVWVEFTTLEDK,0.93,0.32,92.0,0.85,0.72,6.2,8.06,90.0,94.0,0.0,0.0,-227.91,0.18,0.69,0.59,-37.97,1330.53,-2.85,27.88,46.66,15.0,5.0,33.34,1.5,10.0,100.0,0.0,0.0,82.28,0.0,17.72,1.93,0.22,94.0,0.81,3.1,0.86,"B4,B7,B8,B11,B15,B63,B64,B66,B67,B70,B71,B74,B75,B77,B78"
ovo_rsj_rejected88_bindcraft,KKPLSEEEKKKVKDQLFDVVMEMLRRMFKEGMTEEERKIFEWIDEAMIDDSKLDNVPEELIKLAKERGVEFEY,0.86,0.45,86.0,0.86,0.72,6.2,7.439999999999999,85.0,88.0,4.0,0.0,-206.62,0.29,0.61,0.64,-45.08,1627.72,-2.77,37.08,61.8,17.0,3.5,20.48,1.5,9.03,100.0,0.0,0.0,74.66,0.0,25.34,2.04,0.22,88.0,0.7,4.340000000000001,1.27,"B13,B14,B17,B20,B21,B24,B25,B27,B28,B29,B32,B40,B41,B43,B44,B47,B48,B50"
ovo_rsj_rejected89_bindcraft,SLSEELKKKIRELLEEGKELVKKMVKEGKPNFDEIKEKIKPKFEEIKNSLKSEKDKELVEKIFDQLLSYIFSWMIYEHHNYPDMPSVDDWLEEIEKQLP,1.07,0.26,85.0,0.84,0.71,6.82,8.680000000000001,86.0,87.0,3.5,0.0,-247.16,0.17,0.72,0.67,-46.56,1767.49,-2.63,30.82,47.09,22.0,3.0,13.34,4.5,20.84,74.18,0.0,25.82,77.78,0.0,22.22,2.28,0.22,86.0,0.72,4.65,1.1,"B21,B25,B30,B31,B32,B33,B35,B36,B61,B64,B65,B67,B68,B71,B72,B74,B75,B76,B78,B79,B81,B82,B83,B85"
ovo_rsj_rejected90_bindcraft,KISKELQEKIKKLLEEGYSLVKEMVSAGKPNFDEVKEKLKPKFEEIKNSFKSEEEKELIDKIFDQLLSYIFSWMIYEHHNYKDMPSVDDILKELESQVP,1.1,0.25,86.0,0.84,0.71,6.51,8.680000000000001,87.0,89.0,2.5,0.0,-254.26,0.16,0.61,0.63,-34.71,1496.81,-2.31,26.17,50.0,18.0,2.5,13.89,3.5,19.45,71.43,0.0,28.57,77.28,0.0,22.73,2.86,0.22,80.0,0.66,6.2,2.27,"B30,B31,B32,B64,B65,B68,B69,B71,B72,B74,B75,B76,B78,B79,B80,B81,B83,B85"
ovo_rsj_rejected91_bindcraft,SSWDAWDKLMTEYLPEMEKDPEAVVEKMKKYGSEVEVEMAEWMKKVMLDSKKENAE,1.08,0.33,84.0,0.84,0.64,7.75,9.3,80.0,85.0,8.5,0.0,-122.31,0.31,0.56,0.59,-30.13,1342.34,-2.25,38.76,50.0,15.0,5.0,33.48,1.0,7.14,100.0,0.0,0.0,89.29,0.0,10.71,1.2,0.22,85.0,0.64,4.65,1.36,"B2,B3,B6,B7,B10,B11,B14,B18,B39,B42,B43,B46,B49,B50,B53,B54"
ovo_rsj_rejected92_bindcraft,SSWDDWDYLMTEKLPEMEKDPEAVVEEMKKNGSETMVKMATWMKKVMLDSEKENAA,1.07,0.23,82.0,0.84,0.64,8.370000000000001,9.3,78.0,83.0,9.0,0.0,-109.58,0.33,0.64,0.67,-33.27,1503.36,-2.21,44.86,44.74,19.0,4.5,23.69,2.5,13.16,100.0,0.0,0.0,87.5,0.0,12.5,1.46,0.22,85.0,0.65,5.2700000000000005,1.27,"B2,B3,B6,B7,B10,B11,B14,B18,B35,B39,B42,B43,B45,B46,B49,B50,B51,B53,B54"
ovo_rsj_rejected93_bindcraft,SSWDDWDYLMTEKLPEMEKDPEAVVEKMKKEGSPEMVKMAEWMKKVMLDSKKENAA,1.03,0.28,82.0,0.84,0.63,8.06,9.3,79.0,83.0,8.5,0.0,-114.94,0.34,0.64,0.62,-31.11,1452.28,-2.15,44.06,50.2,16.0,6.5,40.98,4.0,25.49,92.85,0.0,7.14,86.6,0.0,13.39,1.94,0.22,81.0,0.58,6.2,1.65,"B2,B3,B6,B7,B10,B11,B14,B39,B42,B46,B47,B49,B50,B53,B54"
ovo_rsj_rejected94_bindcraft,SSWDDWDYLMTEKLPEMEKDPDAVVEEMKKNGSEEMVKMATWMKDVMLDSKKENAE,1.09,0.26,82.0,0.84,0.62,8.06,9.3,80.0,83.0,9.0,0.0,-117.09,0.32,0.62,0.6,-28.54,1328.35,-2.15,38.88,53.12,17.0,4.0,22.91,2.0,11.11,92.31,0.0,7.69,86.6,0.0,13.39,1.79,0.22,82.0,0.6,6.2,1.54,"B2,B3,B6,B7,B10,B11,B14,B39,B42,B43,B46,B47,B49,B50,B53,B54"
ovo_rsj_rejected95_bindcraft,SSWDDWDYLMTEKLPEMEKDPEKVVEEMKKYGSETMVKMATWMKKVMEDSRKENEA,1.07,0.23,84.0,0.84,0.62,8.06,9.92,80.0,85.0,10.0,0.0,-110.0,0.28,0.58,0.6,-31.27,1351.99,-2.31,38.65,48.53,16.5,3.0,18.02,4.0,24.27,100.0,0.0,0.0,87.5,0.0,12.5,1.17,0.22,86.0,0.66,4.65,1.33,"B2,B3,B6,B7,B10,B11,B14,B18,B35,B39,B42,B43,B46,B49,B50,B53,B54"
